partner_id,partner_name,city,experience_years,vehicle_type,join_date,avg_rating
PART00001,Dev Gala,Kolkata,3.5,Bike,2023-05-30,3.8
PART00002,Charan Din,Pune,4.2,Bike,2024-01-01,4.0
PART00003,Dayita Anne,Mumbai,0.7,Bike,2023-12-01,3.4
PART00004,Indrajit Kothari,Delhi,0.1,Bike,2023-07-25,3.5
PART00005,Jairaj Pathak,Delhi,2.3,Scooter,2023-05-24,3.2
PART00006,Ekta Natt,Hyderabad,0.4,Bike,2024-12-10,3.4
PART00007,Hemani Sheth,Pune,2.0,Scooter,2023-05-10,3.6
PART00008,Sudiksha Hayre,Pune,0.8,Bike,2024-06-25,2.9
PART00009,Lila Wali,Pune,0.7,Bike,2023-02-03,3.6
PART00010,Yug Barad,Bangalore,0.0,Scooter,2023-02-27,3.6
PART00011,Vedika Arora,Kolkata,1.0,Bike,2024-06-27,3.5
PART00012,Leena Jhaveri,Mumbai,0.2,Bike,2024-06-12,3.7
PART00013,Charita Subramaniam,Mumbai,2.6,Bike,2024-05-12,4.1
PART00014,Girindra Lanka,Hyderabad,0.1,Scooter,2024-08-23,4.1
PART00015,Azaan Batra,Pune,0.3,Scooter,2023-06-03,3.2
PART00016,Nidhi Kumar,Mumbai,1.3,Bike,2024-10-15,3.8
PART00017,Jalsa Rastogi,Hyderabad,1.4,Bike,2023-04-18,3.7
PART00018,Omisha Yadav,Mumbai,3.3,Bike,2023-06-10,3.8
PART00019,Gunbir Hari,Bangalore,2.3,Bike,2023-07-12,3.4
PART00020,Ikbal Acharya,Chennai,6.9,Bike,2024-03-23,4.2
PART00021,Elijah Deshmukh,Kolkata,0.3,Bike,2024-08-23,2.8
PART00022,Advay Parikh,Mumbai,1.8,Scooter,2024-05-31,3.6
PART00023,Vincent Upadhyay,Mumbai,0.2,Bike,2024-01-09,3.0
PART00024,Urvi Narayan,Hyderabad,3.9,Bike,2024-06-24,3.7
PART00025,Teerth Krishnamurthy,Chennai,0.1,Bike,2023-03-23,3.8
PART00026,Ojasvi Bawa,Mumbai,0.1,Bike,2023-02-12,3.3
PART00027,Chasmum Kalla,Mumbai,6.1,Scooter,2023-05-07,3.5
PART00028,Krisha More,Bangalore,0.8,Bike,2024-09-27,3.7
PART00029,Dhruv Shankar,Mumbai,0.1,Bike,2024-05-28,3.3
PART00030,Yadavi Merchant,Bangalore,5.4,Bike,2023-12-13,4.6
PART00031,Avni Raval,Delhi,0.5,Bike,2023-10-29,3.1
PART00032,Champak Brahmbhatt,Bangalore,2.2,Bike,2023-04-28,4.6
PART00033,Vritti Dube,Kolkata,0.1,Bike,2023-02-01,3.3
PART00034,Neel Mander,Bangalore,2.4,Bike,2023-09-19,3.6
PART00035,Lajita Kar,Mumbai,0.4,Bike,2023-02-12,3.1
PART00036,Laban Raval,Mumbai,3.6,Bike,2024-03-30,4.0
PART00037,Vritti Swaminathan,Kolkata,5.1,Bike,2024-01-05,3.4
PART00038,Dhriti Biswas,Mumbai,0.5,Bike,2024-12-15,3.6
PART00039,Faras Rao,Chennai,0.1,Scooter,2024-01-13,3.8
PART00040,Ekanta Kala,Pune,1.4,Bike,2023-03-21,3.3
PART00041,Sarthak Patla,Pune,5.2,Bike,2023-05-18,4.5
PART00042,Osha Nagi,Hyderabad,1.2,Bike,2023-12-04,3.4
PART00043,Anvi Suresh,Mumbai,1.3,Bike,2024-04-07,3.5
PART00044,Harish Ratti,Hyderabad,1.1,Scooter,2023-10-06,3.1
PART00045,Amara Bajwa,Mumbai,2.2,Bike,2024-01-14,3.7
PART00046,Banjeet Prashad,Mumbai,0.1,Bike,2023-05-10,3.6
PART00047,Luke Gola,Mumbai,1.2,Bike,2023-10-23,3.2
PART00048,Amol Contractor,Chennai,2.6,Bike,2023-09-12,3.8
PART00049,Amol Rajan,Bangalore,7.6,Bike,2023-02-09,4.4
PART00050,Dayamai Chauhan,Delhi,1.1,Bike,2023-10-19,3.8
PART00051,Odika Rajagopalan,Pune,1.4,Scooter,2024-09-06,3.6
PART00052,Madhavi Sastry,Ahmedabad,0.8,Bike,2023-11-14,3.9
PART00053,Rudra Kade,Bangalore,1.2,Bike,2024-04-17,3.2
PART00054,Chakradhar Barad,Kolkata,4.2,Scooter,2023-04-19,4.0
PART00055,William Das,Bangalore,2.0,Bike,2024-11-25,3.5
PART00056,Darsh Dhaliwal,Bangalore,1.7,Bike,2024-11-05,3.7
PART00057,Bimala Khanna,Pune,0.2,Bike,2023-12-04,3.5
PART00058,Anya Aurora,Mumbai,0.9,Bike,2023-01-31,3.3
PART00059,Anay Babu,Kolkata,1.6,Bike,2024-03-17,3.6
PART00060,Warhi Dutta,Bangalore,0.3,Bike,2023-01-22,3.3
PART00061,Rehaan Merchant,Mumbai,7.8,Bike,2023-06-08,4.8
PART00062,Xavier Samra,Kolkata,0.7,Scooter,2024-05-17,3.7
PART00063,Leena Yadav,Delhi,0.2,Bike,2024-01-05,4.1
PART00064,Ekantika Varughese,Delhi,0.0,Bike,2023-10-17,3.2
PART00065,Chameli Cheema,Pune,3.0,Scooter,2024-12-11,3.3
PART00066,Mohammed Srinivasan,Hyderabad,0.1,Bike,2024-05-23,3.6
PART00067,Farhan Morar,Kolkata,0.3,Bike,2023-02-20,3.6
PART00068,Jatin Dayal,Delhi,0.5,Bike,2024-01-09,3.7
PART00069,Ati Radhakrishnan,Mumbai,0.1,Bike,2023-10-24,3.7
PART00070,Siddharth Mishra,Mumbai,0.9,Bike,2023-12-11,4.1
PART00071,Hiral Sastry,Kolkata,0.8,Bike,2024-03-21,3.8
PART00072,Bahadurjit Batra,Pune,6.4,Scooter,2024-03-10,3.8
PART00073,Onkar More,Ahmedabad,0.3,Scooter,2024-11-10,3.1
PART00074,Hredhaan Wagle,Mumbai,1.1,Bike,2024-11-04,4.2
PART00075,Geetika Ray,Bangalore,0.5,Scooter,2024-02-29,3.5
PART00076,Aarini Kar,Mumbai,1.4,Bike,2024-09-19,4.0
PART00077,Yasti Jayaraman,Mumbai,0.7,Bike,2024-08-17,3.3
PART00078,Kalpit Naik,Delhi,2.1,Bike,2023-02-22,3.9
PART00079,Anvi Jaggi,Mumbai,0.9,Bike,2023-04-01,3.3
PART00080,Nachiket Narayan,Mumbai,0.8,Bike,2024-04-27,2.8
PART00081,Jatin Grewal,Bangalore,0.2,Bike,2023-04-06,3.8
PART00082,Devansh Sami,Hyderabad,2.0,Bike,2024-08-20,3.3
PART00083,Laksh Bera,Mumbai,0.6,Bike,2024-01-28,3.1
PART00084,Shravya Dash,Kolkata,0.4,Bike,2024-09-22,3.5
PART00085,Dipta Iyer,Hyderabad,0.0,Bike,2023-03-12,3.5
PART00086,Gopal Tella,Hyderabad,0.5,Bike,2024-06-20,3.6
PART00087,Mugdha Sabharwal,Bangalore,0.6,Scooter,2024-06-14,3.7
PART00088,Raksha Loyal,Ahmedabad,0.1,Bike,2024-10-23,3.2
PART00089,Siya Sura,Hyderabad,0.3,Scooter,2023-02-04,3.1
PART00090,Daksh Iyer,Mumbai,2.2,Bike,2024-07-19,4.1
PART00091,Tamanna Dewan,Delhi,1.5,Bike,2023-04-21,3.9
PART00092,Raksha Bhandari,Mumbai,0.2,Bike,2023-02-14,3.1
PART00093,Brinda Bhavsar,Delhi,1.4,Bike,2023-02-03,3.1
PART00094,Yagnesh Ratti,Hyderabad,1.7,Bike,2024-11-25,3.5
PART00095,Vaishnavi Bhagat,Chennai,3.7,Bike,2024-08-07,3.5
PART00096,Ethan Vig,Bangalore,0.5,Bike,2023-02-13,3.4
PART00097,Rishi Murty,Delhi,1.2,Bike,2024-11-16,3.8
PART00098,Yachana Sehgal,Kolkata,0.8,Bike,2024-10-13,3.5
PART00099,Urvashi Patil,Bangalore,0.8,Bike,2024-11-01,3.9
PART00100,Ekansh Ranganathan,Ahmedabad,1.9,Bike,2024-06-29,3.6
PART00101,Zashil Sahni,Hyderabad,1.7,Bike,2023-10-18,4.0
PART00102,Banjeet Khosla,Ahmedabad,0.1,Bike,2023-04-12,3.3
PART00103,Ekiya Dewan,Chennai,3.7,Bike,2024-04-08,3.1
PART00104,Veda Sharma,Bangalore,1.2,Bike,2023-10-07,3.7
PART00105,Kala Sagar,Kolkata,2.0,Bike,2023-01-09,3.1
PART00106,Pranit Sura,Bangalore,0.3,Bike,2024-12-17,3.3
PART00107,Netra Varughese,Delhi,1.0,Bike,2024-02-19,2.8
PART00108,Raksha Tailor,Bangalore,2.0,Bike,2023-06-02,3.7
PART00109,Raksha Rau,Chennai,1.0,Bike,2023-10-09,3.6
PART00110,Gabriel Goda,Pune,3.0,Bike,2024-10-25,3.9
PART00111,Chandresh Chand,Bangalore,0.2,Bike,2023-06-20,3.0
PART00112,Meghana Acharya,Chennai,1.5,Bike,2024-03-20,3.3
PART00113,Keya Salvi,Mumbai,3.6,Bike,2024-10-28,3.7
PART00114,Kritika Bhasin,Mumbai,2.0,Bike,2024-12-10,3.8
PART00115,Bachittar Pathak,Bangalore,1.4,Bike,2023-11-06,3.7
PART00116,Orinder Mane,Mumbai,5.3,Bike,2023-11-15,3.7
PART00117,Urishilla Basak,Mumbai,1.0,Bike,2023-04-01,3.9
PART00118,Chanakya Loyal,Mumbai,4.8,Scooter,2024-01-29,3.5
PART00119,Siya Dhawan,Pune,3.3,Bike,2024-08-05,3.9
PART00120,Vinaya Chaudhary,Hyderabad,3.1,Bike,2023-04-05,3.5
PART00121,Abhiram Manne,Pune,0.6,Bike,2024-03-23,3.8
PART00122,Panini Chaudhary,Mumbai,0.1,Bike,2023-07-20,3.3
PART00123,Aishani Purohit,Hyderabad,0.8,Bike,2023-06-06,4.4
PART00124,Hamsini Roy,Hyderabad,2.3,Bike,2024-08-20,3.8
PART00125,Hiral Sinha,Chennai,0.8,Bike,2024-08-01,4.0
PART00126,Ranbir Basak,Pune,1.4,Bike,2024-08-26,4.2
PART00127,Bhavya Sabharwal,Mumbai,1.8,Bike,2024-06-15,3.6
PART00128,Nakul Khurana,Delhi,0.2,Scooter,2024-11-08,3.5
PART00129,Ekbal Sibal,Ahmedabad,0.5,Bike,2023-05-23,3.9
PART00130,Quincy Ravi,Bangalore,2.2,Bike,2023-09-06,3.7
PART00131,Omisha Sangha,Hyderabad,2.8,Bike,2024-10-23,3.5
PART00132,Gaurika Magar,Delhi,0.9,Bike,2024-05-17,3.1
PART00133,Xalak Sibal,Delhi,0.4,Scooter,2023-08-20,3.6
PART00134,Quincy Sheth,Bangalore,8.2,Bike,2024-07-25,4.1
PART00135,Hemani Rastogi,Chennai,0.3,Bike,2024-02-01,3.7
PART00136,Hardik Shah,Hyderabad,2.2,Bike,2024-06-11,3.6
PART00137,Omaja Anne,Mumbai,5.2,Scooter,2024-06-17,4.5
PART00138,Nitesh Ramaswamy,Ahmedabad,1.1,Bike,2023-09-08,3.3
PART00139,Saumya Sankaran,Delhi,1.8,Bike,2023-12-04,3.3
PART00140,Anjali Pall,Mumbai,1.3,Bike,2023-11-30,3.6
PART00141,Orinder Gupta,Hyderabad,1.4,Bike,2024-02-13,3.8
PART00142,Gabriel Kata,Hyderabad,2.0,Bike,2024-01-16,3.9
PART00143,Hiral Krishnamurthy,Pune,0.2,Bike,2024-01-30,3.5
PART00144,Benjamin Keer,Bangalore,4.0,Bike,2023-12-28,4.4
PART00145,Yug Warrior,Mumbai,4.5,Bike,2023-05-15,3.9
PART00146,Jeevika Pant,Kolkata,1.4,Bike,2024-05-05,3.5
PART00147,Warhi Shenoy,Hyderabad,0.3,Bike,2023-09-19,3.6
PART00148,Rajeshri Garg,Kolkata,2.3,Bike,2024-02-29,3.4
PART00149,Amaira Johal,Kolkata,4.5,Bike,2023-02-07,4.3
PART00150,Zansi Narayan,Mumbai,0.9,Bike,2024-03-20,4.0
PART00151,Ira Dhillon,Mumbai,0.0,Scooter,2023-09-17,3.5
PART00152,Zaitra Char,Delhi,2.0,Bike,2023-06-04,3.4
PART00153,Isaac Anand,Delhi,1.0,Bike,2024-03-17,3.6
PART00154,Mahika Devan,Bangalore,0.1,Bike,2023-04-13,4.0
PART00155,Darpan Gala,Pune,0.4,Bike,2023-09-13,3.7
PART00156,Pushti Kaul,Mumbai,4.1,Bike,2023-04-05,4.1
PART00157,Jacob Sankar,Bangalore,0.2,Bike,2024-11-17,3.8
PART00158,Hamsini Raja,Kolkata,0.3,Bike,2023-12-15,3.2
PART00159,Yamini Dugal,Mumbai,1.6,Bike,2023-08-30,3.6
PART00160,Janya Agate,Mumbai,2.0,Bike,2024-07-14,3.9
PART00161,Raghav Soman,Mumbai,0.4,Bike,2024-10-02,3.1
PART00162,Agastya Keer,Mumbai,0.4,Bike,2023-07-10,3.9
PART00163,Hiral Dass,Pune,0.7,Bike,2024-05-27,3.1
PART00164,Nilima Kari,Pune,1.1,Bike,2024-03-09,3.4
PART00165,Krish Randhawa,Mumbai,0.7,Scooter,2023-07-10,3.9
PART00166,Warda Oommen,Pune,1.5,Bike,2024-12-09,3.6
PART00167,Chaman Bhardwaj,Chennai,0.3,Bike,2023-05-12,3.6
PART00168,Nachiket Prasad,Mumbai,1.9,Bike,2023-01-02,4.3
PART00169,Shaurya Lanka,Mumbai,4.0,Scooter,2024-06-01,4.2
PART00170,Veda Sheth,Hyderabad,2.5,Bike,2024-05-17,3.7
PART00171,Avni Deo,Delhi,1.2,Bike,2023-05-10,3.1
PART00172,Edhitha Pillai,Hyderabad,7.4,Bike,2023-12-24,4.5
PART00173,Hiral Jaggi,Bangalore,2.0,Bike,2023-10-30,3.7
PART00174,Luke Wali,Hyderabad,1.8,Bike,2024-01-06,3.6
PART00175,Faraj Kulkarni,Hyderabad,0.1,Bike,2023-05-16,3.5
PART00176,Anay Rao,Bangalore,0.7,Bike,2023-12-26,3.4
PART00177,Sai Ghosh,Hyderabad,1.0,Bike,2023-04-26,3.4
PART00178,Andrew Cherian,Pune,2.1,Bike,2024-05-30,3.6
PART00179,Noah Buch,Pune,1.3,Bike,2023-01-07,3.4
PART00180,Nidhi Chawla,Hyderabad,1.6,Bike,2024-01-11,3.4
PART00181,Anya Tella,Delhi,0.1,Bike,2023-03-20,3.7
PART00182,Chakrika Ramaswamy,Delhi,2.5,Bike,2023-05-24,4.0
PART00183,Charvi Shah,Delhi,2.3,Bike,2024-04-11,3.6
PART00184,Vrinda Dyal,Mumbai,1.9,Bike,2023-07-25,4.3
PART00185,Laksh Nanda,Pune,0.1,Bike,2024-04-02,3.9
PART00186,Chandresh Deo,Mumbai,1.2,Bike,2023-02-14,3.8
PART00187,Vasatika Mani,Mumbai,0.8,Bike,2023-05-10,3.8
PART00188,Irya Patel,Bangalore,2.1,Bike,2023-03-31,3.3
PART00189,Hema Kar,Delhi,3.7,Bike,2023-12-26,4.2
PART00190,Sathvik Munshi,Mumbai,1.5,Bike,2023-08-15,3.4
PART00191,Yagnesh Khalsa,Mumbai,3.9,Bike,2024-02-28,4.4
PART00192,Zayan Shanker,Ahmedabad,1.6,Bike,2023-01-23,4.5
PART00193,Maya Tandon,Mumbai,2.5,Bike,2024-04-09,4.4
PART00194,Mason Gara,Mumbai,1.2,Bike,2024-03-07,3.8
PART00195,Teerth Sarraf,Bangalore,0.2,Bike,2023-02-25,3.7
PART00196,Mitali Vaidya,Hyderabad,0.7,Bike,2024-04-29,3.8
PART00197,Ekani Mani,Chennai,0.7,Bike,2023-11-18,3.5
PART00198,Vyanjana Buch,Delhi,1.6,Bike,2023-12-31,3.8
PART00199,Nirja Keer,Kolkata,4.9,Bike,2024-12-02,3.7
PART00200,Ishwar Nagy,Kolkata,2.1,Bike,2023-02-12,4.2
PART00201,Anthony Sawhney,Bangalore,0.8,Bike,2024-04-18,3.8
PART00202,Pratyush Srinivasan,Ahmedabad,0.8,Bike,2023-07-02,4.0
PART00203,Yasti Bala,Delhi,0.1,Bike,2024-01-28,3.5
PART00204,Vinaya Vora,Bangalore,2.6,Bike,2023-07-27,3.6
PART00205,Akshay Kunda,Pune,1.4,Scooter,2024-01-09,3.3
PART00206,Divya Goda,Chennai,1.1,Bike,2023-08-24,3.4
PART00207,Chakradev Palla,Chennai,0.1,Scooter,2023-01-18,3.5
PART00208,Benjamin Bajaj,Hyderabad,7.6,Bike,2024-06-26,4.5
PART00209,Vasudha Dani,Mumbai,1.5,Bike,2023-11-24,3.8
PART00210,David Rau,Ahmedabad,0.3,Bike,2024-03-04,3.6
PART00211,Rohan Dyal,Mumbai,0.2,Bike,2024-03-28,3.7
PART00212,Qarin Rao,Hyderabad,1.4,Bike,2023-04-21,3.6
PART00213,Keya Chandra,Chennai,1.3,Bike,2023-06-01,3.8
PART00214,Bhavani Gala,Mumbai,0.4,Bike,2023-09-29,3.6
PART00215,Varsha Chokshi,Mumbai,2.0,Bike,2023-12-09,3.8
PART00216,Rishi Bhatti,Hyderabad,0.3,Bike,2023-04-24,3.3
PART00217,Siya Keer,Bangalore,2.4,Bike,2023-02-05,3.6
PART00218,Reyansh Natt,Mumbai,1.6,Bike,2024-10-30,3.1
PART00219,Kamya Goel,Kolkata,0.3,Bike,2023-11-09,3.3
PART00220,Vrishti Dada,Bangalore,2.0,Bike,2023-11-20,4.0
PART00221,Ayush Ray,Delhi,0.3,Bike,2023-07-14,3.3
PART00222,Falguni Luthra,Mumbai,1.0,Bike,2023-09-11,3.7
PART00223,Kamya Desai,Mumbai,0.5,Bike,2023-09-01,3.3
PART00224,Girindra Tak,Delhi,3.8,Bike,2024-01-13,4.1
PART00225,Krishna Patel,Hyderabad,4.0,Bike,2024-12-18,4.0
PART00226,Mugdha Kar,Pune,0.2,Bike,2024-07-07,3.2
PART00227,Urvi Buch,Kolkata,0.9,Bike,2023-09-27,3.9
PART00228,Sai Vohra,Mumbai,1.8,Scooter,2023-02-03,4.1
PART00229,Urvi Agrawal,Hyderabad,0.6,Bike,2024-04-18,3.3
PART00230,Wriddhish Naik,Delhi,2.3,Scooter,2023-10-04,3.7
PART00231,Aahana Upadhyay,Bangalore,1.3,Bike,2023-07-08,3.3
PART00232,Bahadurjit Lalla,Mumbai,0.7,Bike,2024-09-29,3.8
PART00233,Kashvi Gulati,Delhi,0.7,Scooter,2023-08-18,3.6
PART00234,Jason Zachariah,Pune,1.3,Scooter,2024-10-04,3.6
PART00235,Brijesh Bhargava,Pune,1.1,Bike,2023-04-05,3.0
PART00236,Chaman Kala,Bangalore,4.6,Bike,2024-07-06,3.9
PART00237,Peter Gera,Mumbai,0.0,Bike,2024-04-09,3.9
PART00238,Isha Wadhwa,Mumbai,0.4,Bike,2023-02-07,4.2
PART00239,Aadhya Nagy,Mumbai,1.0,Bike,2023-08-31,4.0
PART00240,Udarsh Mander,Ahmedabad,0.0,Bike,2023-09-02,3.8
PART00241,Rachita Ghose,Delhi,5.0,Bike,2023-02-28,3.9
PART00242,Harsh Sabharwal,Hyderabad,0.6,Bike,2024-08-26,3.4
PART00243,Mekhala Ravi,Delhi,0.1,Bike,2024-07-15,3.3
PART00244,Bhavini Korpal,Delhi,0.2,Bike,2023-03-17,3.4
PART00245,Januja Devan,Bangalore,2.3,Bike,2024-01-20,3.6
PART00246,Frado Tiwari,Mumbai,0.0,Bike,2024-06-15,3.7
PART00247,Vrinda Keer,Hyderabad,0.5,Bike,2023-11-04,3.1
PART00248,Gopal Ram,Delhi,1.3,Bike,2024-10-06,3.5
PART00249,Chaman Date,Mumbai,0.5,Scooter,2023-12-30,3.0
PART00250,Ishaan Garde,Pune,0.9,Scooter,2023-12-09,3.9
PART00251,Hema Buch,Bangalore,1.0,Scooter,2024-01-13,3.5
PART00252,Azaan Sachdeva,Bangalore,3.5,Bike,2024-01-27,4.4
PART00253,Shravya Chandra,Pune,5.2,Bike,2023-09-25,4.2
PART00254,Jyoti Char,Mumbai,0.2,Bike,2024-04-25,2.9
PART00255,Wishi Hari,Bangalore,0.4,Bike,2024-03-11,3.1
PART00256,David Vala,Delhi,3.8,Scooter,2023-07-06,3.8
PART00257,Mekhala Bala,Bangalore,0.3,Bike,2023-06-13,4.2
PART00258,Baljiwan Uppal,Mumbai,2.1,Bike,2024-10-08,3.4
PART00259,Jasmit Hari,Hyderabad,0.9,Bike,2023-03-08,3.6
PART00260,Chaitanya Rai,Delhi,1.0,Bike,2023-01-21,3.9
PART00261,Lakshit Lad,Chennai,0.1,Bike,2024-09-12,3.9
PART00262,Samarth Bath,Kolkata,1.7,Bike,2024-03-22,3.6
PART00263,Caleb Mand,Pune,3.2,Bike,2023-03-11,3.5
PART00264,Naksh Kale,Hyderabad,0.0,Bike,2023-01-04,3.5
PART00265,Zinal Balasubramanian,Pune,0.7,Bike,2024-04-23,3.9
PART00266,Hredhaan Chakrabarti,Delhi,0.6,Bike,2023-05-20,3.8
PART00267,Oliver Mukhopadhyay,Bangalore,1.2,Bike,2023-06-22,3.1
PART00268,Abha Buch,Bangalore,0.5,Bike,2024-11-15,3.1
PART00269,Nimrat Palan,Hyderabad,0.3,Bike,2024-04-21,3.1
PART00270,Chaitaly Manne,Pune,6.5,Bike,2023-02-20,4.5
PART00271,Tejas Mukherjee,Delhi,0.4,Bike,2024-04-20,3.2
PART00272,Yash Mitra,Delhi,0.0,Bike,2023-05-13,3.1
PART00273,Warjas Chahal,Kolkata,3.3,Bike,2024-07-30,3.9
PART00274,Chandresh Dhar,Mumbai,1.4,Bike,2024-09-06,3.9
PART00275,Amara Issac,Kolkata,1.9,Bike,2023-01-29,4.2
PART00276,Kritika Kar,Ahmedabad,0.1,Bike,2024-10-12,3.1
PART00277,Quincy Contractor,Mumbai,0.1,Bike,2024-02-04,4.2
PART00278,Faras Bahl,Hyderabad,3.9,Bike,2023-04-25,3.3
PART00279,Dakshesh Vasa,Ahmedabad,0.2,Bike,2023-06-02,3.4
PART00280,Rajata Prabhu,Delhi,0.9,Bike,2023-05-04,3.8
PART00281,Aachal Sharma,Ahmedabad,0.7,Bike,2023-09-03,3.2
PART00282,Advay Kashyap,Pune,1.3,Bike,2024-08-05,3.5
PART00283,Karan Rout,Kolkata,2.9,Bike,2023-10-17,3.7
PART00284,Bahadurjit Natt,Chennai,3.4,Bike,2024-09-16,3.0
PART00285,Omisha Dhillon,Delhi,2.2,Bike,2024-05-22,3.2
PART00286,Nandini Kuruvilla,Mumbai,3.9,Bike,2023-09-30,3.9
PART00287,Charita Bhattacharyya,Pune,1.5,Bike,2024-03-02,3.4
PART00288,Gunbir Savant,Hyderabad,2.9,Bike,2024-07-08,3.5
PART00289,Hardik Grewal,Delhi,0.1,Bike,2023-04-26,3.4
PART00290,Zansi Natt,Bangalore,1.2,Bike,2024-06-05,4.0
PART00291,Ira Khosla,Bangalore,3.8,Scooter,2024-05-26,4.2
PART00292,Vinaya Narayan,Bangalore,0.1,Bike,2024-09-20,2.8
PART00293,Samarth Brar,Kolkata,0.0,Bike,2023-12-08,3.7
PART00294,Chakradev Sathe,Hyderabad,0.2,Bike,2024-07-03,3.2
PART00295,Anjali Lala,Mumbai,0.2,Bike,2024-08-15,4.1
PART00296,Shravya Babu,Hyderabad,2.2,Bike,2023-07-01,3.4
PART00297,Krishna Nayar,Mumbai,0.4,Bike,2023-03-24,3.7
PART00298,Pranav Kulkarni,Hyderabad,3.6,Bike,2024-01-25,3.7
PART00299,Balhaar Dasgupta,Kolkata,2.7,Bike,2024-08-14,3.9
PART00300,Warjas Dayal,Delhi,2.6,Bike,2024-05-17,3.6
PART00301,Hredhaan Sem,Delhi,1.6,Bike,2024-03-06,3.3
PART00302,Baljiwan Sani,Ahmedabad,0.2,Bike,2023-08-04,3.3
PART00303,Farhan Ghose,Mumbai,1.3,Bike,2023-08-06,3.1
PART00304,Upkaar Shetty,Hyderabad,1.2,Bike,2024-07-22,3.9
PART00305,Rehaan Bahri,Bangalore,0.8,Bike,2023-11-25,3.8
PART00306,Nachiket Bail,Hyderabad,0.3,Bike,2024-06-11,3.6
PART00307,Triya Kara,Chennai,0.9,Bike,2024-05-03,3.7
PART00308,Chaitaly Oak,Mumbai,2.3,Bike,2023-12-06,3.4
PART00309,Damini Deep,Delhi,4.8,Bike,2023-02-24,4.0
PART00310,Omisha Kumar,Delhi,0.1,Bike,2024-07-16,3.3
PART00311,Ekbal Seth,Ahmedabad,4.0,Bike,2024-05-31,4.5
PART00312,Ikshita Dara,Delhi,3.2,Bike,2023-06-11,3.9
PART00313,Triveni Zacharia,Mumbai,0.3,Bike,2024-08-26,3.3
PART00314,Zarna Manda,Delhi,1.1,Bike,2023-05-06,3.5
PART00315,Gavin Doctor,Bangalore,1.6,Bike,2023-06-19,3.6
PART00316,Rachita Khare,Pune,4.1,Bike,2023-08-15,3.8
PART00317,Bishakha Mangal,Delhi,7.3,Bike,2024-06-06,3.9
PART00318,Chaitanya Prabhu,Bangalore,4.3,Scooter,2023-01-09,4.1
PART00319,Atharv Borra,Chennai,1.3,Bike,2023-10-11,3.9
PART00320,Faris Issac,Hyderabad,2.2,Bike,2024-03-25,4.0
PART00321,Hitesh Sathe,Mumbai,0.4,Bike,2024-10-25,3.7
PART00322,Gaurang Mukhopadhyay,Delhi,0.4,Bike,2024-05-08,3.2
PART00323,Ria Rai,Hyderabad,1.0,Bike,2024-05-09,3.8
PART00324,Bhavani Chawla,Chennai,1.1,Bike,2024-04-14,3.8
PART00325,Lakshit Modi,Mumbai,2.8,Bike,2023-05-09,3.9
PART00326,Forum Taneja,Hyderabad,0.5,Bike,2024-10-18,3.8
PART00327,Oeshi Sem,Mumbai,0.6,Bike,2024-05-29,3.3
PART00328,Yatin Sangha,Kolkata,0.6,Bike,2024-12-07,3.5
PART00329,Zilmil Chakrabarti,Mumbai,0.4,Bike,2024-08-24,3.8
PART00330,Daksha Sani,Delhi,0.2,Scooter,2023-06-11,3.5
PART00331,Maanav Natt,Delhi,2.3,Bike,2023-02-05,3.5
PART00332,Damini Walla,Chennai,4.6,Bike,2024-08-28,4.0
PART00333,Gaurav Mistry,Chennai,1.5,Bike,2024-10-21,4.0
PART00334,Amol Ben,Mumbai,0.5,Bike,2024-09-18,3.3
PART00335,Mekhala Murthy,Mumbai,2.1,Bike,2023-04-13,4.3
PART00336,Harini Lala,Mumbai,0.5,Bike,2024-04-16,3.3
PART00337,Alka Kulkarni,Ahmedabad,2.0,Bike,2024-07-03,3.7
PART00338,Ekapad Taneja,Mumbai,1.7,Bike,2024-08-09,4.1
PART00339,Harsh Sridhar,Chennai,1.1,Bike,2024-08-16,3.6
PART00340,Jacob Agarwal,Hyderabad,3.3,Bike,2023-04-19,4.1
PART00341,Forum Mannan,Delhi,2.9,Bike,2023-01-17,3.4
PART00342,Amol Yogi,Mumbai,0.9,Bike,2024-08-30,3.4
PART00343,Azaan Patel,Bangalore,3.1,Bike,2023-12-24,3.9
PART00344,Garima Buch,Mumbai,3.0,Bike,2023-04-28,3.3
PART00345,Netra Mammen,Kolkata,0.8,Bike,2024-06-21,3.2
PART00346,Zehaan Bawa,Chennai,0.2,Bike,2024-10-17,3.7
PART00347,Isaiah Dara,Hyderabad,2.8,Bike,2024-09-29,3.7
PART00348,Vincent Divan,Hyderabad,3.5,Bike,2023-06-09,3.7
PART00349,Yashoda Varghese,Chennai,0.8,Bike,2024-08-23,3.5
PART00350,Kamya Chander,Mumbai,0.2,Bike,2023-11-25,4.1
PART00351,Saumya Patla,Mumbai,2.2,Bike,2024-05-29,4.0
PART00352,Ekbal Soman,Kolkata,0.9,Bike,2023-04-02,3.8
PART00353,Saumya Parmer,Mumbai,0.7,Bike,2023-07-13,3.5
PART00354,Chakrika Palan,Mumbai,1.4,Bike,2023-02-24,3.2
PART00355,Waida Dara,Hyderabad,1.8,Bike,2024-02-26,3.7
PART00356,Turvi Bansal,Mumbai,0.7,Scooter,2024-12-04,3.5
PART00357,Sathvik Sridhar,Delhi,1.1,Bike,2023-12-09,3.1
PART00358,Umang Dora,Kolkata,1.0,Bike,2023-06-16,4.2
PART00359,Chandani Salvi,Delhi,2.4,Bike,2023-05-07,4.0
PART00360,Lakshmi Malhotra,Pune,0.5,Bike,2023-09-14,3.7
PART00361,Sanya Vora,Chennai,1.7,Bike,2024-12-13,3.1
PART00362,Udant Rao,Delhi,1.2,Bike,2024-08-06,4.0
PART00363,Saanvi Gupta,Mumbai,0.7,Bike,2023-03-27,3.5
PART00364,Arya Atwal,Chennai,0.2,Bike,2023-10-30,3.4
PART00365,Jasmit Halder,Mumbai,2.1,Bike,2023-03-05,3.8
PART00366,Chaitanya Mandal,Kolkata,2.4,Bike,2023-12-15,3.8
PART00367,Dalaja Salvi,Pune,0.1,Bike,2024-12-02,4.1
PART00368,Chandani Puri,Delhi,6.7,Bike,2024-03-03,3.8
PART00369,Ekani Chaudhari,Delhi,1.4,Bike,2024-08-07,3.6
PART00370,Jhalak Raghavan,Bangalore,1.6,Scooter,2023-02-22,3.3
PART00371,Girindra Sen,Bangalore,3.0,Scooter,2024-01-02,3.4
PART00372,Simon Doctor,Delhi,1.2,Bike,2023-05-17,3.8
PART00373,Anjali Goel,Delhi,2.4,Bike,2023-03-29,3.7
PART00374,Lila Manda,Chennai,0.7,Bike,2023-06-24,4.0
PART00375,Eiravati Dhawan,Delhi,6.6,Bike,2024-05-14,3.9
PART00376,Vasudha Dora,Mumbai,0.6,Bike,2024-06-10,4.1
PART00377,Bhavya Kashyap,Delhi,2.4,Bike,2024-03-22,3.5
PART00378,Idika Parmer,Mumbai,1.4,Bike,2024-06-25,3.5
PART00379,Janaki Dhawan,Chennai,0.6,Scooter,2023-10-04,3.3
PART00380,Fariq Bandi,Delhi,1.9,Bike,2023-07-21,3.8
PART00381,Hemal Thaman,Bangalore,0.6,Bike,2023-01-13,3.8
PART00382,Bhavika Banerjee,Delhi,1.7,Bike,2024-09-03,3.5
PART00383,Pranav Raval,Pune,6.4,Bike,2024-03-17,4.6
PART00384,Ekaja Rattan,Hyderabad,0.1,Bike,2024-07-19,3.2
PART00385,Osha Doctor,Delhi,0.9,Bike,2023-04-12,3.6
PART00386,Balvan Suri,Hyderabad,0.6,Bike,2024-07-15,3.7
PART00387,Gaurav Sur,Delhi,0.2,Bike,2023-12-04,3.8
PART00388,Lohit Saha,Delhi,0.8,Bike,2024-08-29,4.0
PART00389,Lila Nanda,Delhi,5.4,Bike,2024-08-21,4.0
PART00390,Ishanvi Savant,Pune,0.5,Bike,2023-04-16,3.7
PART00391,Balvan Issac,Hyderabad,1.4,Bike,2024-08-19,3.8
PART00392,Nimrat Murthy,Kolkata,0.9,Bike,2023-04-26,3.3
PART00393,Pratyush Manda,Mumbai,0.9,Bike,2023-03-28,3.5
PART00394,Turvi Uppal,Mumbai,1.2,Bike,2024-01-06,3.3
PART00395,Raghav Badal,Hyderabad,0.8,Bike,2024-08-14,3.4
PART00396,Finn Barad,Hyderabad,2.1,Bike,2023-10-19,3.7
PART00397,Wriddhish Gandhi,Pune,1.0,Bike,2023-06-07,3.8
PART00398,Gabriel Gill,Delhi,2.9,Bike,2023-06-16,3.6
PART00399,Pavani Upadhyay,Pune,1.2,Bike,2024-04-06,3.9
PART00400,Omya Gera,Mumbai,0.6,Bike,2023-02-22,3.1
PART00401,Tanmayi Kala,Hyderabad,0.5,Bike,2023-11-06,3.4
PART00402,Anya Kumer,Chennai,5.0,Bike,2024-05-30,3.8
PART00403,Vrishti Natarajan,Bangalore,1.3,Bike,2024-02-17,3.9
PART00404,Damyanti Talwar,Mumbai,0.9,Bike,2023-03-17,3.5
PART00405,Wazir Dhar,Hyderabad,0.7,Bike,2023-07-11,3.4
PART00406,Kashvi Halder,Kolkata,0.7,Bike,2023-09-11,3.2
PART00407,Lipika Mitra,Hyderabad,2.0,Bike,2024-11-15,3.9
PART00408,Harita Reddy,Mumbai,0.1,Bike,2023-04-15,3.0
PART00409,Kavya Mall,Kolkata,0.4,Bike,2023-10-07,3.7
PART00410,Abhimanyu Memon,Hyderabad,0.9,Bike,2023-11-17,3.5
PART00411,Umang Saha,Delhi,2.0,Bike,2023-04-27,3.5
PART00412,Chanakya Rajagopalan,Bangalore,0.1,Bike,2023-04-08,3.4
PART00413,Gaurang Karpe,Delhi,0.7,Bike,2023-11-19,3.5
PART00414,Tarak Bakshi,Kolkata,2.6,Bike,2024-01-03,3.7
PART00415,Jeremiah Goswami,Mumbai,0.0,Bike,2023-06-24,2.9
PART00416,Teerth Bahl,Kolkata,1.3,Bike,2023-07-07,3.9
PART00417,Lila Sethi,Bangalore,1.5,Scooter,2023-01-13,3.3
PART00418,Oscar Panchal,Chennai,2.4,Bike,2023-09-15,3.4
PART00419,Nakul Apte,Mumbai,3.7,Scooter,2024-05-03,3.8
PART00420,Radhika Wable,Pune,1.4,Bike,2023-06-11,3.9
PART00421,Ekapad Nayak,Delhi,0.8,Bike,2023-09-10,3.7
PART00422,Gaurang Kaul,Kolkata,1.3,Scooter,2023-09-17,3.3
PART00423,Mitali Kannan,Delhi,0.4,Bike,2024-03-27,4.0
PART00424,Samarth Vyas,Chennai,1.6,Bike,2024-04-30,3.6
PART00425,Simon D’Alia,Mumbai,0.2,Bike,2023-05-18,4.1
PART00426,Niharika Shah,Hyderabad,2.8,Bike,2024-10-29,3.9
PART00427,Kabir Palan,Ahmedabad,1.8,Scooter,2024-11-07,3.8
PART00428,Dipta Reddy,Hyderabad,2.0,Bike,2024-10-17,3.5
PART00429,Nathaniel Master,Chennai,0.0,Scooter,2024-02-09,3.0
PART00430,Brijesh Sem,Kolkata,2.0,Bike,2024-07-06,3.4
PART00431,Kevin Bhandari,Chennai,0.4,Scooter,2024-05-26,3.8
PART00432,Chatura Dhar,Bangalore,2.9,Bike,2023-02-10,3.8
PART00433,Pratyush Nazareth,Bangalore,4.6,Bike,2023-10-27,3.6
PART00434,Rachita Ramanathan,Pune,3.5,Bike,2023-09-04,4.4
PART00435,Patrick Kala,Pune,0.5,Bike,2024-01-15,3.6
PART00436,Farhan Banerjee,Pune,2.8,Bike,2024-11-20,3.8
PART00437,Mohammed Gulati,Pune,0.2,Bike,2024-05-19,3.7
PART00438,Aashi Chaudhuri,Ahmedabad,0.0,Bike,2024-04-18,3.3
PART00439,Krishna Chander,Pune,3.1,Bike,2023-10-11,4.2
PART00440,Jackson Kade,Delhi,2.1,Bike,2023-03-08,3.2
PART00441,Rachita Setty,Bangalore,0.8,Bike,2024-06-28,3.8
PART00442,Joshua Deshmukh,Hyderabad,2.4,Bike,2023-07-02,4.5
PART00443,Joshua Devan,Bangalore,1.3,Bike,2023-08-28,3.1
PART00444,Falguni Hegde,Hyderabad,0.0,Bike,2023-07-09,3.1
PART00445,Nilima Balan,Mumbai,0.7,Bike,2024-07-18,3.8
PART00446,Anjali Mahajan,Delhi,3.4,Scooter,2024-08-13,3.3
PART00447,Qabil Bobal,Delhi,1.0,Bike,2023-07-16,3.8
PART00448,Lopa Magar,Ahmedabad,2.1,Bike,2024-04-15,3.7
PART00449,Osha Ram,Bangalore,0.1,Bike,2023-01-22,3.7
PART00450,Nathaniel Basak,Bangalore,3.3,Scooter,2023-02-10,3.6
PART00451,Hitesh Gaba,Mumbai,1.7,Bike,2023-08-26,3.6
PART00452,Amaira Sinha,Mumbai,3.2,Scooter,2024-10-28,3.8
PART00453,Omya Dar,Mumbai,2.8,Bike,2024-09-08,4.0
PART00454,Shaurya Kulkarni,Mumbai,0.4,Bike,2023-03-24,3.2
PART00455,Mohammed Puri,Chennai,0.1,Bike,2024-08-30,3.4
PART00456,Hiral Sarin,Delhi,0.7,Bike,2023-07-15,3.4
PART00457,Joshua Nagi,Mumbai,1.0,Bike,2024-04-23,2.6
PART00458,Anthony Hayre,Chennai,0.6,Bike,2024-04-25,3.9
PART00459,Neelima Vyas,Ahmedabad,0.1,Scooter,2023-01-04,3.0
PART00460,Dhriti Ranganathan,Bangalore,0.6,Bike,2024-07-25,4.0
PART00461,Mahika Arora,Bangalore,3.6,Bike,2023-11-01,4.0
PART00462,Lohit Kannan,Bangalore,1.2,Bike,2024-09-16,3.7
PART00463,Kamya Goda,Hyderabad,0.3,Scooter,2023-07-22,3.2
PART00464,Ryan Natt,Chennai,1.0,Bike,2024-05-31,3.8
PART00465,Warjas Sura,Mumbai,0.1,Scooter,2023-05-09,3.5
PART00466,Ishani Mann,Chennai,4.2,Bike,2023-01-12,4.0
PART00467,Om Hayer,Pune,3.6,Scooter,2024-01-03,4.4
PART00468,Veda Mukherjee,Delhi,1.7,Bike,2023-09-21,3.6
PART00469,Raghav Subramanian,Bangalore,2.9,Bike,2023-10-12,4.2
PART00470,Idika Doctor,Chennai,1.1,Bike,2024-01-15,3.5
PART00471,Ayush Saraf,Hyderabad,5.1,Bike,2023-07-20,3.1
PART00472,Tanvi Aggarwal,Pune,2.8,Bike,2023-02-05,3.5
PART00473,Damyanti Viswanathan,Chennai,3.1,Bike,2023-12-26,3.4
PART00474,Yashica Saran,Mumbai,1.1,Bike,2023-08-02,3.7
PART00475,Zashil Dey,Hyderabad,6.2,Bike,2024-12-21,4.3
PART00476,Harinakshi Goel,Kolkata,0.1,Bike,2024-09-02,3.7
PART00477,Vedika Viswanathan,Mumbai,1.1,Bike,2023-04-20,3.9
PART00478,Anmol Loyal,Hyderabad,0.1,Scooter,2024-03-15,3.6
PART00479,Daniel Ramaswamy,Mumbai,3.4,Bike,2024-09-11,3.4
PART00480,Chatura Sem,Delhi,0.7,Bike,2023-02-01,3.6
PART00481,Finn Pal,Mumbai,0.6,Bike,2024-05-23,3.4
PART00482,David Pal,Kolkata,0.3,Scooter,2023-05-25,3.5
PART00483,Aryan Ramaswamy,Mumbai,3.0,Bike,2024-12-19,3.7
PART00484,Ranbir Kala,Bangalore,1.1,Bike,2024-04-22,3.5
PART00485,Maya Swamy,Pune,1.3,Scooter,2023-07-23,3.5
PART00486,Faraj Mane,Kolkata,2.8,Bike,2023-06-26,4.2
PART00487,Bhavna Bhagat,Mumbai,1.7,Bike,2023-04-25,3.1
PART00488,Aishani Sodhi,Delhi,2.4,Bike,2023-03-06,3.4
PART00489,Wahab Atwal,Kolkata,1.6,Bike,2024-09-29,3.3
PART00490,Alexander Shan,Hyderabad,0.5,Bike,2023-08-24,3.4
PART00491,Yatan Agrawal,Mumbai,1.5,Bike,2024-11-21,3.8
PART00492,Omaja Kar,Bangalore,0.3,Bike,2023-11-24,2.7
PART00493,Sarthak Nazareth,Pune,2.0,Scooter,2023-05-03,3.6
PART00494,Isha Gade,Delhi,1.2,Bike,2023-11-21,3.8
PART00495,Avni Suresh,Kolkata,6.7,Bike,2024-05-24,4.5
PART00496,Robert Brar,Kolkata,0.2,Bike,2023-03-31,3.0
PART00497,Upkaar Mukhopadhyay,Mumbai,1.7,Bike,2023-07-30,3.9
PART00498,Odika Shankar,Mumbai,2.2,Scooter,2023-01-17,3.9
PART00499,Frado Date,Ahmedabad,1.6,Bike,2023-06-15,4.0
PART00500,Qushi Bera,Ahmedabad,5.7,Bike,2024-03-18,4.0
